{
  "silhouette_metrics": {
    "overall_silhouette_score": 0.1599909924680919,
    "per_cluster_silhouette": {
      "0": {
        "mean": 0.2542540105016829,
        "std": 0.07010462811460351,
        "min": 0.15276272156293627,
        "max": 0.3763846918986049
      },
      "1": {
        "mean": 0.26157776982769276,
        "std": 0.06885517677595024,
        "min": 0.12976663264199723,
        "max": 0.32180268714464577
      },
      "2": {
        "mean": 0.0788524846676913,
        "std": 0.0948499753232136,
        "min": -0.08511569279659006,
        "max": 0.2434666666526634
      },
      "3": {
        "mean": 0.12875006492981822,
        "std": 0.05236969527616907,
        "min": 0.023955597408940234,
        "max": 0.2368113451867691
      },
      "4": {
        "mean": 0.1816029853852671,
        "std": 0.14956168224781233,
        "min": -0.11947315843834608,
        "max": 0.34808223464415733
      },
      "5": {
        "mean": 0.17659826199134884,
        "std": 0.06225514530901961,
        "min": 0.07338540754624985,
        "max": 0.2634389885944108
      },
      "6": {
        "mean": 0.20476335760590283,
        "std": 0.08619967643893087,
        "min": 0.05272324119790834,
        "max": 0.3599104589870286
      }
    },
    "sample_silhouettes": [
      0.2795160307730728,
      -0.03674426535585831,
      -0.11947315843834608,
      -0.015663757737783057,
      0.3108595529914994,
      -0.026822908604093636,
      0.18227370405704132,
      0.15276272156293627,
      0.1320340733097289,
      0.08944414137008241,
      0.23842923638379093,
      0.11443226376970858,
      0.18049290532172368,
      0.2667543485902179,
      0.1766615230647774,
      -0.04736270337819925,
      0.25157502322040265,
      0.12579141218503137,
      0.25277124480459845,
      0.03939843707382915,
      0.33699463196585033,
      0.28196385987176276,
      0.15870189776330865,
      0.11769748492170612,
      0.22118140087568172,
      0.30423459603516007,
      0.2434666666526634,
      0.12994839175631076,
      0.3557409213691031,
      0.15362996946853436,
      0.1526891716355732,
      0.2772827105968707,
      0.32769614777376205,
      0.14338416964018372,
      0.3557409213691031,
      0.16414610655584363,
      -0.009873893583482618,
      0.1194010245666918,
      0.11998915252012995,
      0.07882423180869587,
      0.25431189750762684,
      0.17596056796323095,
      -0.0524566651159277,
      0.21375417571799077,
      0.12753916929517464,
      0.12519958769502565,
      0.11893518214919042,
      0.19263524339664098,
      0.20970161091275027,
      0.15366949517393058,
      0.19374190069486422,
      0.2033770497485639,
      0.09656297268756692,
      0.1754596698608293,
      0.2089773952338359,
      0.19914710468430968,
      -0.05193283956161753,
      0.2675218466710986,
      0.3026529441371556,
      0.11482693777503343,
      0.15752735964376396,
      0.1086496336289571,
      0.25023284536840723,
      0.15358886724912396,
      0.25791356064820153,
      0.2728899482145982,
      0.34808223464415733,
      0.06451417659223324,
      0.11167709804151106,
      0.06387737391671926,
      0.25921888159731626,
      0.040692780116771576,
      0.12509711029078527,
      0.10374198070279,
      0.11910533159709227,
      0.20565707284387433,
      -0.016403961031895897,
      0.1267387443942493,
      0.22851739672799684,
      0.23854636994310893,
      0.17271563993344133,
      0.15211810169708412,
      0.10619807419823454,
      0.31620597230921943,
      0.16359560381113242,
      0.023955597408940234,
      0.24401049429649302,
      0.044799136190263135,
      -0.08511569279659006,
      0.24817544748969284,
      0.14777752005381992,
      0.15134642235157234,
      0.3085473901030891,
      0.07315999608198132,
      0.10668647770758764,
      0.11115652427328795,
      0.16442096803374176,
      0.14237422032790975,
      0.1225273941383035,
      0.07082887368808571,
      0.21053208586015748,
      0.11480342208391522,
      -0.04467396762527102,
      0.07338540754624985,
      0.2129306402734964,
      0.25912165899206135,
      0.24448043860661706,
      0.14541473979708103,
      0.06536600757409287,
      0.23216992023147406,
      0.3455386255714899,
      0.2634389885944108,
      -0.008241646808958733,
      0.03184293692797797,
      0.1321874712497972,
      0.05555594959634661,
      0.15203068011057028,
      0.2894525724250836,
      0.2286689072681577,
      0.2368113451867691,
      0.04190834739212346,
      -0.024945992955555506,
      0.12976663264199723,
      0.14236234364605369,
      0.3599104589870286,
      0.10197216335653042,
      0.2978417328704628,
      0.08043418731413969,
      0.23124316618045007,
      0.19307997035434166,
      0.2303390806844752,
      0.3441487003027624,
      0.1672187063295826,
      0.3763846918986049,
      0.3106023066857176,
      0.20342697842189297,
      0.09170877804142485,
      -0.023635259355129782,
      0.1436377681812415,
      0.10616985716651775,
      0.17972673385143537,
      0.08610126832573604,
      0.16993974903930759,
      0.1351929569830803,
      0.01188721581509107,
      0.1879347119373991,
      0.07680722485844525,
      0.28269388724821737,
      0.1618550370750153,
      0.21541858335154168,
      0.154337465912925,
      -0.01884565087514297,
      0.3264372973762394,
      0.2553079242048352,
      0.32180268714464577,
      0.09499377114093822,
      0.11136448317377556,
      0.21794182566419645,
      0.015643978280993207,
      0.05272324119790834
    ]
  },