{
  "0.5_0.5": {
    "weighting": [
      0.5,
      0.5
    ],
    "clusters": {
      "3": {
        "silhouette": 0.20331005057537546,
        "balance": 0.30000000000000004,
        "combined": 0.25165502528768774,
        "cluster_sizes": [
          112,
          29,
          19
        ],
        "n_clusters": 3
      },
      "4": {
        "silhouette": 0.14813716348171652,
        "balance": 0.5375,
        "combined": 0.3428185817408582,
        "cluster_sizes": [
          74,
          29,
          38,
          19
        ],
        "n_clusters": 4
      },
      "5": {
        "silhouette": 0.14026161360322456,
        "balance": 0.55625,
        "combined": 0.3482558068016123,
        "cluster_sizes": [
          71,
          41,
          29,
          14,
          5
        ],
        "n_clusters": 5
      },
      "6": {
        "silhouette": 0.14189708277698124,
        "balance": 0.59375,
        "combined": 0.3678235413884906,
        "cluster_sizes": [
          65,
          40,
          7,
          8,
          13,
          27
        ],
        "n_clusters": 6
      },
      "7": {
        "silhouette": 0.1599909924680919,
        "balance": 0.60625,
        "combined": 0.3831204962340459,
        "cluster_sizes": [
          63,
          44,
          6,
          6,
          8,
          27,
          6
        ],
        "n_clusters": 7
      }
    },
    "best_k": 7,
    "best_silhouette": 0.1599909924680919,
    "best_balance": 0.60625,
    "best_combined": 0.3831204962340459,
    "cluster_names": {
      "6": "StraightPath_Stable_FunctionalStructured_QA_InfoSeeking",
      "2": "Valley_FunctionalStructured_QA_InfoSeeking",
      "4": "MeanderingPath_Narrative_SelfExpression",
      "1": "Peak_Volatile_FunctionalStructured_QA_InfoSeeking",
      "0": "SocialEmergent_Narrative_Entertainment",
      "3": "SocialEmergent_Narrative_InfoSeeking",
      "5": "SocialEmergent_Narrative_Relational"
    },
    "cluster_sizes": {
      "6": 63,
      "2": 44,
      "4": 6,
      "1": 6,
      "0": 8,
      "3": 27,
      "5": 6
    }
  },
  "0.6_0.4": {
    "weighting": [
      0.6,
      0.4
    ],
    "clusters": {
      "3": {
        "silhouette": 0.20331005057537546,
        "balance": 0.30000000000000004,
        "combined": 0.2419860303452253,
        "cluster_sizes": [
          112,
          29,
          19
        ],
        "n_clusters": 3
      },
      "4": {
        "silhouette": 0.14813716348171652,
        "balance": 0.5375,
        "combined": 0.3038822980890299,
        "cluster_sizes": [
          74,
          29,
          38,
          19
        ],
        "n_clusters": 4
      },
      "5": {
        "silhouette": 0.14026161360322456,
        "balance": 0.55625,
        "combined": 0.3066569681619348,
        "cluster_sizes": [
          71,
          41,
          29,
          14,
          5
        ],
        "n_clusters": 5
      },
      "6": {
        "silhouette": 0.14189708277698124,
        "balance": 0.59375,
        "combined": 0.32263824966618876,
        "cluster_sizes": [
          65,
          40,
          7,
          8,
          13,
          27
        ],
        "n_clusters": 6
      },
      "7": {
        "silhouette": 0.1599909924680919,
        "balance": 0.60625,
        "combined": 0.33849459548085514,
        "cluster_sizes": [
          63,
          44,
          6,
          6,
          8,
          27,
          6
        ],
        "n_clusters": 7
      }
    },
    "best_k": 7,
    "best_silhouette": 0.1599909924680919,
    "best_balance": 0.60625,
    "best_combined": 0.33849459548085514,
    "cluster_names": {
      "6": "StraightPath_Stable_FunctionalStructured_QA_InfoSeeking",
      "2": "Valley_FunctionalStructured_QA_InfoSeeking",
      "4": "MeanderingPath_Narrative_SelfExpression",
      "1": "Peak_Volatile_FunctionalStructured_QA_InfoSeeking",
      "0": "SocialEmergent_Narrative_Entertainment",
      "3": "SocialEmergent_Narrative_InfoSeeking",
      "5": "SocialEmergent_Narrative_Relational"
    },
    "cluster_sizes": {
      "6": 63,
      "2": 44,
      "4": 6,
      "1": 6,
      "0": 8,
      "3": 27,
      "5": 6
    }
  },
  "0.7_0.3": {
    "weighting": [
      0.7,
      0.3
    ],
    "clusters": {
      "3": {
        "silhouette": 0.20331005057537546,
        "balance": 0.30000000000000004,
        "combined": 0.23231703540276283,
        "cluster_sizes": [
          112,
          29,
          19
        ],
        "n_clusters": 3
      },
      "4": {
        "silhouette": 0.14813716348171652,
        "balance": 0.5375,
        "combined": 0.26494601443720156,
        "cluster_sizes": [
          74,
          29,
          38,
          19
        ],
        "n_clusters": 4
      },
      "5": {
        "silhouette": 0.14026161360322456,
        "balance": 0.55625,
        "combined": 0.26505812952225716,
        "cluster_sizes": [
          71,
          41,
          29,
          14,
          5
        ],
        "n_clusters": 5
      },
      "6": {
        "silhouette": 0.14189708277698124,
        "balance": 0.59375,
        "combined": 0.27745295794388686,
        "cluster_sizes": [
          65,
          40,
          7,
          8,
          13,
          27
        ],
        "n_clusters": 6
      },
      "7": {
        "silhouette": 0.1599909924680919,
        "balance": 0.60625,
        "combined": 0.2938686947276643,
        "cluster_sizes": [
          63,
          44,
          6,
          6,
          8,
          27,
          6
        ],
        "n_clusters": 7
      }
    },
    "best_k": 7,
    "best_silhouette": 0.1599909924680919,
    "best_balance": 0.60625,
    "best_combined": 0.2938686947276643,
    "cluster_names": {
      "6": "StraightPath_Stable_FunctionalStructured_QA_InfoSeeking",
      "2": "Valley_FunctionalStructured_QA_InfoSeeking",
      "4": "MeanderingPath_Narrative_SelfExpression",
      "1": "Peak_Volatile_FunctionalStructured_QA_InfoSeeking",
      "0": "SocialEmergent_Narrative_Entertainment",
      "3": "SocialEmergent_Narrative_InfoSeeking",
      "5": "SocialEmergent_Narrative_Relational"
    },
    "cluster_sizes": {
      "6": 63,
      "2": 44,
      "4": 6,
      "1": 6,
      "0": 8,
      "3": 27,
      "5": 6
    }
  },
  "0.4_0.6": {
    "weighting": [
      0.4,
      0.6
    ],
    "clusters": {
      "3": {
        "silhouette": 0.20331005057537546,
        "balance": 0.30000000000000004,
        "combined": 0.2613240202301502,
        "cluster_sizes": [
          112,
          29,
          19
        ],
        "n_clusters": 3
      },
      "4": {
        "silhouette": 0.14813716348171652,
        "balance": 0.5375,
        "combined": 0.38175486539268655,
        "cluster_sizes": [
          74,
          29,
          38,
          19
        ],
        "n_clusters": 4
      },
      "5": {
        "silhouette": 0.14026161360322456,
        "balance": 0.55625,
        "combined": 0.38985464544128984,
        "cluster_sizes": [
          71,
          41,
          29,
          14,
          5
        ],
        "n_clusters": 5
      },
      "6": {
        "silhouette": 0.14189708277698124,
        "balance": 0.59375,
        "combined": 0.4130088331107925,
        "cluster_sizes": [
          65,
          40,
          7,
          8,
          13,
          27
        ],
        "n_clusters": 6
      },
      "7": {
        "silhouette": 0.1599909924680919,
        "balance": 0.60625,
        "combined": 0.4277463969872367,
        "cluster_sizes": [
          63,
          44,
          6,
          6,
          8,
          27,
          6
        ],
        "n_clusters": 7
      }
    },
    "best_k": 7,
    "best_silhouette": 0.1599909924680919,
    "best_balance": 0.60625,
    "best_combined": 0.4277463969872367,
    "cluster_names": {
      "6": "StraightPath_Stable_FunctionalStructured_QA_InfoSeeking",