cluster_name,size,size_pct,avg_intensity_mean,path_straightness_mean,drift_magnitude_mean,intensity_variance_mean,valley_density_mean,peak_density_mean,final_x_mean,final_y_mean,most_common_pattern,pattern_qa_pct,most_common_purpose,purpose_info_pct
StraightPath_Stable_LowDrift_FunctionalStructured_QA_InfoSeeking,207,38.5%,0.5,1.1257223720991838,0.2654031408104538,0.0,0.0,0.0,0.3197101449275362,0.30927536231884056,question-answer,100.0,information-seeking,73.91304347826086
StraightPath_Stable_HighDrift_FunctionalStructured_QA_InfoSeeking,132,24.5%,0.49201443001442996,1.0207794353258632,0.6153971744144742,0.00019438529749534538,0.0,0.0,0.06484848484848482,0.06484848484848482,question-answer,86.36363636363636,information-seeking,59.84848484848485
StraightPath_Stable_FunctionalStructured_Advisory_ProblemSolving,84,15.6%,0.5,1.1047681699893623,0.32621689649253666,0.0,0.0,0.0,0.3004761904761904,0.25642857142857134,advisory,0.0,problem-solving,1.1904761904761905
StraightPath_Stable_SocialStructured_QA_CapabilityExploration,51,9.5%,0.4958930481283423,1.0537564537080992,0.3777963810578405,9.147157853040204e-05,0.0,0.0,0.5656862745098039,0.14941176470588233,question-answer,98.0392156862745,capability-exploration,0.0
StraightPath_Stable_LowDrift_SocialEmergent_Collaborative_Entertainment,39,7.2%,0.5,1.0990477223035369,0.22188652079496932,0.0,0.0,0.0,0.6330769230769231,0.6179487179487179,collaborative,0.0,entertainment,0.0
MeanderingPath_Volatile_HighDrift_FunctionalStructured_QA_InfoSeeking,16,3.0%,0.38224032738095237,0.5138925671888667,0.5229696513295126,0.005805748175435676,0.12663690476190476,0.0,0.203125,0.09999999999999998,question-answer,93.75,information-seeking,68.75
SocialEmergent_Casual_CapabilityExploration,9,1.7%,0.4433109483109483,0.8698548070546004,0.4064839664440918,0.0011978626311959645,0.06577126577126577,0.0,0.6122222222222222,0.86,casual-chat,0.0,capability-exploration,0.0
